2026-07-02_02-58-00,0,main.go:2026-07-02_02-58-00
2026-07-02_02-58-03,0,main.go:2026-07-02_02-58-00
2026-07-02_03-01-25,0,main.go:2026-07-02_02-58-00
2026-07-02_03-10-56,14,main.go:2026-07-02_03-10-56
2026-07-02_03-10-56,14,main.go:2026-07-02_03-10-56
2026-07-02_03-12-44,100,main.go:2026-07-02_03-12-44
2026-07-02_03-13-43,100,main.go:2026-07-02_03-12-44
2026-07-02_03-13-53,0,main.go:2026-07-02_03-13-53
2026-07-02_03-13-54,0,main.go:2026-07-02_03-13-53
2026-07-02_03-18-35,---,main.go:2026-07-02_03-13-53
2026-07-02_03-23-27,100,main.go:2026-07-02_03-23-27
2026-07-02_03-23-28,100,main.go:2026-07-02_03-23-27
2026-07-02_03-24-19,100,main.go:2026-07-02_03-23-27
2026-07-02_03-30-31,0,main.go:2026-07-02_03-30-31
2026-07-02_03-30-31,0,main.go:2026-07-02_03-30-31
2026-07-02_03-30-31,0,main.go:2026-07-02_03-30-31
2026-07-02_03-32-10,100,main.go:2026-07-02_03-32-10
2026-07-02_03-32-10,100,main.go:2026-07-02_03-32-10
