2026-04-25_15-54-29,0,main.go:2026-04-25_15-54-29
2026-04-25_15-54-32,0,main.go:2026-04-25_15-54-29
2026-04-25_16-53-24,0,main.go:2026-04-25_16-53-24
2026-04-25_16-53-24,0,main.go:2026-04-25_16-53-24
2026-04-25_16-55-18,50,main.go:2026-04-25_16-55-18
2026-04-25_16-59-09,66,main.go:2026-04-25_16-59-09
2026-04-25_16-59-09,66,main.go:2026-04-25_16-59-09
2026-04-25_17-04-07,100,main.go:2026-04-25_17-04-07
2026-04-25_17-04-08,100,main.go:2026-04-25_17-04-07
2026-04-25_17-04-29,100,main.go:2026-04-25_17-04-07
2026-04-25_17-04-43,100,main.go:2026-04-25_17-04-07
2026-04-25_17-04-44,100,main.go:2026-04-25_17-04-07
2026-04-25_17-04-47,100,main.go:2026-04-25_17-04-07
2026-04-25_17-04-49,---,main.go:2026-04-25_17-04-07
