2026-04-06_18-25-11,0,shell.go:2026-04-06_18-25-11
2026-04-18_13-38-41,0,shell.go:2026-04-06_18-25-11
2026-04-18_18-03-51,0,shell.go:2026-04-18_18-03-51
2026-04-18_18-05-18,0,shell.go:2026-04-18_18-05-18
2026-04-18_18-05-19,0,shell.go:2026-04-18_18-05-18
2026-04-18_18-05-19,0,shell.go:2026-04-18_18-05-18
2026-04-18_18-06-51,75,shell.go:2026-04-18_18-06-51
2026-04-18_18-08-53,87,shell.go:2026-04-18_18-08-53
2026-04-18_18-08-54,87,shell.go:2026-04-18_18-08-53
2026-04-18_18-09-28,87,shell.go:2026-04-18_18-08-53
2026-04-21_14-33-06,87,shell.go:2026-04-18_18-08-53
2026-04-21_14-52-11,0,shell.go:2026-04-21_14-52-11
2026-04-21_14-52-12,0,shell.go:2026-04-21_14-52-11
2026-04-21_14-55-36,87,shell.go:2026-04-21_14-55-36
2026-04-21_15-02-06,100,shell.go:2026-04-21_15-02-06
2026-04-21_15-02-17,100,shell.go:2026-04-21_15-02-06
