2026-03-21_17-50-54,0,draft.go:2026-03-21_17-50-54
2026-03-21_17-52-51,0,draft.go:2026-03-21_17-52-51
2026-03-21_17-52-52,0,draft.go:2026-03-21_17-52-51
2026-03-21_17-52-52,0,draft.go:2026-03-21_17-52-51
2026-03-21_17-52-52,0,draft.go:2026-03-21_17-52-51
2026-03-21_17-52-53,0,draft.go:2026-03-21_17-52-51
2026-03-21_17-52-53,0,draft.go:2026-03-21_17-52-51
2026-03-21_17-52-53,0,draft.go:2026-03-21_17-52-51
2026-03-21_17-53-29,0,draft.go:2026-03-21_17-53-29
2026-03-21_17-53-30,0,draft.go:2026-03-21_17-53-29
2026-03-21_17-53-30,0,draft.go:2026-03-21_17-53-29
2026-03-21_17-56-27,100,draft.go:2026-03-21_17-56-27
2026-03-21_17-56-32,100,draft.go:2026-03-21_17-56-27
2026-03-21_17-56-33,100,draft.go:2026-03-21_17-56-27
2026-03-21_17-56-33,100,draft.go:2026-03-21_17-56-27
2026-03-21_17-56-46,100,draft.go:2026-03-21_17-56-27
2026-03-21_18-07-51,100,draft.go:2026-03-21_17-56-27
2026-03-21_18-22-36,100,draft.go:2026-03-21_17-56-27
2026-03-21_18-22-37,100,draft.go:2026-03-21_17-56-27
2026-03-21_18-39-48,100,draft.go:2026-03-21_17-56-27
2026-03-21_18-39-49,100,draft.go:2026-03-21_17-56-27
2026-03-21_18-48-02,100,draft.go:2026-03-21_17-56-27
2026-04-14_02-30-50,100,draft.go:2026-04-14_02-30-50
2026-04-14_13-09-01,100,draft.go:2026-04-14_02-30-50
