2026-06-30_22-31-45,0,main.go:2026-06-30_22-31-45;queue.go:2026-06-30_22-31-45
2026-06-30_22-33-41,0,main.go:2026-06-30_22-31-45;queue.go:2026-06-30_22-31-45
2026-06-30_22-48-51,0,main.go:2026-06-30_22-48-51;queue.go:2026-06-30_22-31-45
2026-06-30_22-51-44,0,main.go:2026-06-30_22-51-44;queue.go:2026-06-30_22-31-45
2026-06-30_22-54-17,100,main.go:2026-06-30_22-54-17;queue.go:2026-06-30_22-31-45
2026-06-30_22-54-33,100,main.go:2026-06-30_22-54-17;queue.go:2026-06-30_22-31-45
2026-06-30_22-54-42,100,main.go:2026-06-30_22-54-17;queue.go:2026-06-30_22-31-45
2026-06-30_23-07-35,100,main.go:2026-06-30_23-07-35;queue.go:2026-06-30_22-31-45
2026-06-30_23-07-36,100,main.go:2026-06-30_23-07-35;queue.go:2026-06-30_22-31-45
2026-06-30_23-09-00,100,main.go:2026-06-30_23-07-35;queue.go:2026-06-30_22-31-45
2026-06-30_23-09-01,100,main.go:2026-06-30_23-07-35;queue.go:2026-06-30_22-31-45
2026-06-30_23-09-20,0,main.go:2026-06-30_23-09-20;queue.go:2026-06-30_22-31-45
2026-06-30_23-09-20,0,main.go:2026-06-30_23-09-20;queue.go:2026-06-30_22-31-45
2026-07-01_01-18-02,100,main.go:2026-07-01_01-18-02;queue.go:2026-06-30_22-31-45
2026-07-01_01-18-04,100,main.go:2026-07-01_01-18-02;queue.go:2026-06-30_22-31-45
