2026-03-21_15-16-19,0,draft.go:2026-03-21_15-16-19
2026-03-21_15-53-56,0,draft.go:2026-03-21_15-53-56
2026-03-21_16-06-21,---,draft.go:2026-03-21_16-06-21
2026-03-21_16-11-14,100,draft.go:2026-03-21_16-11-14
2026-03-21_16-11-45,100,draft.go:2026-03-21_16-11-14
2026-03-21_16-11-52,100,draft.go:2026-03-21_16-11-14
2026-03-21_16-11-53,100,draft.go:2026-03-21_16-11-14
2026-03-21_16-11-53,100,draft.go:2026-03-21_16-11-14
2026-03-21_16-11-54,100,draft.go:2026-03-21_16-11-14
2026-03-21_16-11-54,100,draft.go:2026-03-21_16-11-14
2026-03-21_16-11-56,100,draft.go:2026-03-21_16-11-14
2026-03-21_16-24-49,100,draft.go:2026-03-21_16-24-49
2026-03-21_16-24-53,100,draft.go:2026-03-21_16-24-49
2026-04-14_02-21-39,100,draft.go:2026-03-21_16-24-49
2026-04-14_02-21-42,100,draft.go:2026-03-21_16-24-49
2026-04-14_02-21-44,100,draft.go:2026-03-21_16-24-49
2026-04-14_02-21-44,100,draft.go:2026-03-21_16-24-49
2026-04-14_13-21-02,100,draft.go:2026-03-21_16-24-49
2026-04-14_13-21-05,100,draft.go:2026-03-21_16-24-49
