2026-03-29_21-22-49,0,shell.go:2026-03-29_21-22-49
2026-03-29_21-22-49,0,shell.go:2026-03-29_21-22-49
2026-03-29_21-54-46,0,shell.go:2026-03-29_21-54-46
2026-03-29_21-54-47,0,shell.go:2026-03-29_21-54-46
2026-04-06_17-24-15,0,shell.go:2026-03-29_21-54-46
2026-04-06_17-24-15,0,shell.go:2026-03-29_21-54-46
2026-04-06_17-39-50,0,shell.go:2026-04-06_17-39-50
2026-04-06_17-39-50,0,shell.go:2026-04-06_17-39-50
2026-04-06_17-40-05,0,shell.go:2026-04-06_17-40-05
2026-04-06_17-57-42,0,shell.go:2026-04-06_17-57-42
2026-04-06_17-57-42,0,shell.go:2026-04-06_17-57-42
2026-04-06_17-57-43,0,shell.go:2026-04-06_17-57-43
2026-04-06_17-57-44,0,shell.go:2026-04-06_17-57-43
2026-04-06_17-58-10,0,shell.go:2026-04-06_17-58-10
2026-04-06_18-13-25,0,shell.go:2026-04-06_18-13-25
2026-04-06_18-13-26,0,shell.go:2026-04-06_18-13-25
2026-04-06_18-13-26,0,shell.go:2026-04-06_18-13-25
2026-04-06_18-13-27,0,shell.go:2026-04-06_18-13-25
2026-04-06_18-13-27,0,shell.go:2026-04-06_18-13-25
2026-04-06_18-14-11,85,shell.go:2026-04-06_18-14-11
2026-04-06_18-14-11,85,shell.go:2026-04-06_18-14-11
2026-04-06_18-17-37,85,shell.go:2026-04-06_18-17-37
