2026-03-20_16-02-39,0,draft.go:2026-03-20_16-02-39
2026-03-20_16-04-20,0,draft.go:2026-03-20_16-02-39
2026-03-20_16-05-38,0,draft.go:2026-03-20_16-02-39
2026-03-20_16-13-55,0,draft.go:2026-03-20_16-13-55
2026-03-20_16-15-38,0,draft.go:2026-03-20_16-15-38
2026-03-20_16-19-18,0,draft.go:2026-03-20_16-15-38
2026-03-20_16-19-29,0,draft.go:2026-03-20_16-15-38
2026-03-20_17-28-10,0,draft.go:2026-03-20_17-28-10
2026-03-20_17-29-28,0,draft.go:2026-03-20_17-29-28
2026-03-20_17-32-30,---,draft.go:2026-03-20_17-32-30
2026-03-20_17-32-41,0,draft.go:2026-03-20_17-32-30
2026-03-20_17-32-42,0,draft.go:2026-03-20_17-32-30
2026-03-20_17-33-40,0,draft.go:2026-03-20_17-32-30
2026-03-20_17-34-45,0,draft.go:2026-03-20_17-32-30
2026-03-20_17-36-57,0,draft.go:2026-03-20_17-36-57
2026-03-20_17-36-58,0,draft.go:2026-03-20_17-36-57
2026-03-20_17-37-06,0,draft.go:2026-03-20_17-36-57
2026-03-20_17-51-05,0,draft.go:2026-03-20_17-51-05
2026-03-20_17-51-05,0,draft.go:2026-03-20_17-51-05
2026-03-21_19-55-29,0,draft.go:2026-03-21_19-55-29
2026-03-21_19-55-55,0,draft.go:2026-03-21_19-55-29
2026-03-21_19-56-06,0,draft.go:2026-03-21_19-55-29
2026-04-21_15-13-42,0,draft.go:2026-04-21_15-13-42
2026-04-21_15-13-43,0,draft.go:2026-04-21_15-13-42
2026-04-21_15-15-22,100,draft.go:2026-04-21_15-15-22
