2026-03-20_15-07-50,0,draft.go:2026-03-20_15-07-50
2026-03-20_15-35-34,---,draft.go:2026-03-20_15-35-34
2026-03-20_15-53-19,---,draft.go:2026-03-20_15-53-19
2026-03-20_16-16-11,100,draft.go:2026-03-20_16-16-11
2026-03-20_16-16-17,100,draft.go:2026-03-20_16-16-11
2026-03-20_16-16-19,100,draft.go:2026-03-20_16-16-11
2026-03-20_16-16-22,---,draft.go:2026-03-20_16-16-11
2026-03-20_16-17-10,100,draft.go:2026-03-20_16-17-10
2026-03-20_16-17-10,100,draft.go:2026-03-20_16-17-10
2026-03-20_16-17-12,100,draft.go:2026-03-20_16-17-12
2026-03-20_16-17-14,100,draft.go:2026-03-20_16-17-12
2026-03-21_20-09-42,0,draft.go:2026-03-21_20-09-42
2026-03-21_20-12-35,0,draft.go:2026-03-21_20-09-42
2026-03-21_20-12-35,0,draft.go:2026-03-21_20-09-42
2026-03-21_20-13-45,0,draft.go:2026-03-21_20-09-42
2026-03-21_20-13-46,0,draft.go:2026-03-21_20-09-42
2026-03-21_20-13-46,0,draft.go:2026-03-21_20-09-42
2026-03-21_20-13-46,0,draft.go:2026-03-21_20-09-42
2026-03-21_20-14-30,0,draft.go:2026-03-21_20-09-42
2026-03-21_20-14-31,0,draft.go:2026-03-21_20-09-42
2026-03-21_20-14-31,0,draft.go:2026-03-21_20-09-42
2026-03-21_20-14-32,0,draft.go:2026-03-21_20-09-42
2026-03-21_20-14-32,0,draft.go:2026-03-21_20-09-42
2026-03-21_20-15-26,0,draft.go:2026-03-21_20-09-42
2026-03-21_20-15-27,0,draft.go:2026-03-21_20-09-42
2026-03-21_20-15-28,0,draft.go:2026-03-21_20-09-42
2026-03-21_20-15-28,0,draft.go:2026-03-21_20-09-42
2026-03-21_20-16-12,0,draft.go:2026-03-21_20-09-42
2026-03-21_20-16-13,0,draft.go:2026-03-21_20-09-42
2026-03-21_20-16-13,0,draft.go:2026-03-21_20-09-42
2026-03-21_20-16-14,0,draft.go:2026-03-21_20-09-42
2026-03-21_20-16-14,0,draft.go:2026-03-21_20-09-42
2026-03-21_20-16-26,0,draft.go:2026-03-21_20-09-42
2026-03-21_20-16-26,0,draft.go:2026-03-21_20-09-42
2026-03-21_20-16-36,0,draft.go:2026-03-21_20-09-42
2026-03-21_20-17-27,0,draft.go:2026-03-21_20-09-42
2026-03-21_20-17-27,0,draft.go:2026-03-21_20-09-42
2026-03-21_20-17-37,0,draft.go:2026-03-21_20-09-42
2026-03-21_20-17-38,0,draft.go:2026-03-21_20-09-42
2026-03-21_20-19-28,0,draft.go:2026-03-21_20-09-42
2026-03-21_20-19-30,0,draft.go:2026-03-21_20-09-42
2026-03-21_20-19-55,0,draft.go:2026-03-21_20-09-42
